{
  "timestamp": 1783041364.2422729,
  "overall_accuracy": 0.9861635220125786,
  "overall_latency_ms": 14.37587136543022,
  "breakdown": [
    {
      "category": "Prompt Injection",
      "samples": 1500,
      "accuracy": 0.985520510853005,
      "latency_ms": 18.310029528588455
    },
    {
      "category": "PII Detection",
      "samples": 850,
      "accuracy": 0.9729868536412647,
      "latency_ms": 14.470356519880465
    },
    {
      "category": "SQL Injection",
      "samples": 600,
      "accuracy": 0.9683363759434532,
      "latency_ms": 20.38527655431124
    },
    {
      "category": "Safe Prompts",
      "samples": 5000,
      "accuracy": 0.9909143462848301,
      "latency_ms": 12.458432817560483
    }
  ]
}